Adak,https://twitter.com/search?q=word%20near%3AAdak%2C&src=typed_query&f=live
Akiachak,https://twitter.com/search?q=word%20near%3AAkiachak%2C&src=typed_query&f=live
Akhiok,https://twitter.com/search?q=word%20near%3AAkhiok%2C%20Alaska&src=typed_query&f=live
Akiak,https://twitter.com/search?q=word%20near%3AAkiak%2C%20Alaska&src=typed_query&f=live
Akutan,https://twitter.com/search?q=word%20near%3AAkutan%2C%20Alaska&src=typed_query&f=live
Alakanuk,https://twitter.com/search?q=word%20near%3AAlakanuk%2C%20Alaska&src=typed_query&f=live
Aleknagik,https://twitter.com/search?q=word%20near%3AAleknagik%2C%20Alaska&src=typed_query&f=live
Allakaket,https://twitter.com/search?q=word%20near%3AAllakaket%2C%20Alaska&src=typed_query&f=live
Ambler,https://twitter.com/search?q=word%20near%3AAmbler%2C%20Alaska&src=typed_query&f=live
Anaktuvuk pass,https://twitter.com/search?q=word%20near%3AAnaktuvuk pass%2C%20Alaska&src=typed_query&f=live
Anchor Point,https://twitter.com/search?q=word%20near%3AAnchor Point%2C%20Alaska&src=typed_query&f=live
Anchorage,https://twitter.com/search?q=word%20near%3AAnchorage%2C%20Alaska&src=typed_query&f=live
Anderson,https://twitter.com/search?q=word%20near%3AAnderson%2C%20Alaska&src=typed_query&f=live
Angoon,https://twitter.com/search?q=word%20near%3AAngoon%2C%20Alaska&src=typed_query&f=live
Aniak,https://twitter.com/search?q=word%20near%3AAniak%2C%20Alaska&src=typed_query&f=live
Anvik,https://twitter.com/search?q=word%20near%3AAnvik%2C%20Alaska&src=typed_query&f=live
Atka,https://twitter.com/search?q=word%20near%3AAtka%2C%20Alaska&src=typed_query&f=live
Atqasuk,https://twitter.com/search?q=word%20near%3AAtqasuk%2C%20Alaska&src=typed_query&f=live
Barrow,https://twitter.com/search?q=word%20near%3ABarrow%2C%20Alaska&src=typed_query&f=live
Bear Creek,https://twitter.com/search?q=word%20near%3ABear Creek%2C%20Alaska&src=typed_query&f=live
Bethel,https://twitter.com/search?q=word%20near%3ABethel%2C%20Alaska&src=typed_query&f=live
Bettles,https://twitter.com/search?q=word%20near%3ABettles%2C%20Alaska&src=typed_query&f=live
Big Lake,https://twitter.com/search?q=word%20near%3ABig Lake%2C%20Alaska&src=typed_query&f=live
Brevig Mission,https://twitter.com/search?q=word%20near%3ABrevig Mission%2C%20Alaska&src=typed_query&f=live
Buckland,https://twitter.com/search?q=word%20near%3ABuckland%2C%20Alaska&src=typed_query&f=live
Butte,https://twitter.com/search?q=word%20near%3AButte%2C%20Alaska&src=typed_query&f=live
Cantwell,https://twitter.com/search?q=word%20near%3ACantwell%2C%20Alaska&src=typed_query&f=live
Chefornak,https://twitter.com/search?q=word%20near%3AChefornak%2C%20Alaska&src=typed_query&f=live
Chevak,https://twitter.com/search?q=word%20near%3AChevak%2C%20Alaska&src=typed_query&f=live
Chignik,https://twitter.com/search?q=word%20near%3AChignik%2C%20Alaska&src=typed_query&f=live
Chuathbaluk,https://twitter.com/search?q=word%20near%3AChuathbaluk%2C%20Alaska&src=typed_query&f=live
Clark’s Point,https://twitter.com/search?q=word%20near%3AClark’s Point%2C%20Alaska&src=typed_query&f=live
Coffman Cove,https://twitter.com/search?q=word%20near%3ACoffman Cove%2C%20Alaska&src=typed_query&f=live
Cohoe,https://twitter.com/search?q=word%20near%3ACohoe%2C%20Alaska&src=typed_query&f=live
Cold Bay,https://twitter.com/search?q=word%20near%3ACold Bay%2C%20Alaska&src=typed_query&f=live
College,https://twitter.com/search?q=word%20near%3ACollege%2C%20Alaska&src=typed_query&f=live
Cooper Landing,https://twitter.com/search?q=word%20near%3ACooper Landing%2C%20Alaska&src=typed_query&f=live
Copper Center,https://twitter.com/search?q=word%20near%3ACopper Center%2C%20Alaska&src=typed_query&f=live
Cordova,https://twitter.com/search?q=word%20near%3ACordova%2C%20Alaska&src=typed_query&f=live
Craig,https://twitter.com/search?q=word%20near%3ACraig%2C%20Alaska&src=typed_query&f=live
Deering,https://twitter.com/search?q=word%20near%3ADeering%2C%20Alaska&src=typed_query&f=live
Deltana,https://twitter.com/search?q=word%20near%3ADeltana%2C%20Alaska&src=typed_query&f=live
Delta Junction,https://twitter.com/search?q=word%20near%3ADelta Junction%2C%20Alaska&src=typed_query&f=live
Diamond Ridge,https://twitter.com/search?q=word%20near%3ADiamond Ridge%2C%20Alaska&src=typed_query&f=live
Dillingham,https://twitter.com/search?q=word%20near%3ADillingham%2C%20Alaska&src=typed_query&f=live
Diomede,https://twitter.com/search?q=word%20near%3ADiomede%2C%20Alaska&src=typed_query&f=live
Douglas,https://twitter.com/search?q=word%20near%3ADouglas%2C%20Alaska&src=typed_query&f=live
Eagle,https://twitter.com/search?q=word%20near%3AEagle%2C%20Alaska&src=typed_query&f=live
Edna Bay,https://twitter.com/search?q=word%20near%3AEdna Bay%2C%20Alaska&src=typed_query&f=live
Eek,https://twitter.com/search?q=word%20near%3AEek%2C%20Alaska&src=typed_query&f=live
Eielson,https://twitter.com/search?q=word%20near%3AEielson%2C%20Alaska&src=typed_query&f=live
Eielson Afb,https://twitter.com/search?q=word%20near%3AEielson Afb%2C%20Alaska&src=typed_query&f=live
Egegik,https://twitter.com/search?q=word%20near%3AEgegik%2C%20Alaska&src=typed_query&f=live
Ekwok,https://twitter.com/search?q=word%20near%3AEkwok%2C%20Alaska&src=typed_query&f=live
Elim,https://twitter.com/search?q=word%20near%3AElim%2C%20Alaska&src=typed_query&f=live
Emmonak,https://twitter.com/search?q=word%20near%3AEmmonak%2C%20Alaska&src=typed_query&f=live
Ester,https://twitter.com/search?q=word%20near%3AEster%2C%20Alaska&src=typed_query&f=live
Fairbanks,https://twitter.com/search?q=word%20near%3AFairbanks%2C%20Alaska&src=typed_query&f=live
False Pass,https://twitter.com/search?q=word%20near%3AFalse Pass%2C%20Alaska&src=typed_query&f=live
Fishhook,https://twitter.com/search?q=word%20near%3AFishhook%2C%20Alaska&src=typed_query&f=live
Fort Yukon,https://twitter.com/search?q=word%20near%3AFort Yukon%2C%20Alaska&src=typed_query&f=live
Fritz Creek,https://twitter.com/search?q=word%20near%3AFritz Creek%2C%20Alaska&src=typed_query&f=live
Gakona,https://twitter.com/search?q=word%20near%3AGakona%2C%20Alaska&src=typed_query&f=live
Galena,https://twitter.com/search?q=word%20near%3AGalena%2C%20Alaska&src=typed_query&f=live
Gambell,https://twitter.com/search?q=word%20near%3AGambell%2C%20Alaska&src=typed_query&f=live
Gateway,https://twitter.com/search?q=word%20near%3AGateway%2C%20Alaska&src=typed_query&f=live
Girdwood,https://twitter.com/search?q=word%20near%3AGirdwood%2C%20Alaska&src=typed_query&f=live
Glennallen,https://twitter.com/search?q=word%20near%3AGlennallen%2C%20Alaska&src=typed_query&f=live
Golovin,https://twitter.com/search?q=word%20near%3AGolovin%2C%20Alaska&src=typed_query&f=live
Goodnews Bay,https://twitter.com/search?q=word%20near%3AGoodnews Bay%2C%20Alaska&src=typed_query&f=live
Grayling,https://twitter.com/search?q=word%20near%3AGrayling%2C%20Alaska&src=typed_query&f=live
Gustavus,https://twitter.com/search?q=word%20near%3AGustavus%2C%20Alaska&src=typed_query&f=live
Haines,https://twitter.com/search?q=word%20near%3AHaines%2C%20Alaska&src=typed_query&f=live
Healy,https://twitter.com/search?q=word%20near%3AHealy%2C%20Alaska&src=typed_query&f=live
Holy Cross,https://twitter.com/search?q=word%20near%3AHoly Cross%2C%20Alaska&src=typed_query&f=live
Homer,https://twitter.com/search?q=word%20near%3AHomer%2C%20Alaska&src=typed_query&f=live
Hoonah,https://twitter.com/search?q=word%20near%3AHoonah%2C%20Alaska&src=typed_query&f=live
Hooper Bay,https://twitter.com/search?q=word%20near%3AHooper Bay%2C%20Alaska&src=typed_query&f=live
Houston,https://twitter.com/search?q=word%20near%3AHouston%2C%20Alaska&src=typed_query&f=live
Hughes,https://twitter.com/search?q=word%20near%3AHughes%2C%20Alaska&src=typed_query&f=live
Huslia,https://twitter.com/search?q=word%20near%3AHuslia%2C%20Alaska&src=typed_query&f=live
Hydaburg,https://twitter.com/search?q=word%20near%3AHydaburg%2C%20Alaska&src=typed_query&f=live
Juneau,https://twitter.com/search?q=word%20near%3AJuneau%2C%20Alaska&src=typed_query&f=live
Kachemak,https://twitter.com/search?q=word%20near%3AKachemak%2C%20Alaska&src=typed_query&f=live
Kake,https://twitter.com/search?q=word%20near%3AKake%2C%20Alaska&src=typed_query&f=live
Kaktovik,https://twitter.com/search?q=word%20near%3AKaktovik%2C%20Alaska&src=typed_query&f=live
Kalifornsky,https://twitter.com/search?q=word%20near%3AKalifornsky%2C%20Alaska&src=typed_query&f=live
Kaltag,https://twitter.com/search?q=word%20near%3AKaltag%2C%20Alaska&src=typed_query&f=live
Kasigluk,https://twitter.com/search?q=word%20near%3AKasigluk%2C%20Alaska&src=typed_query&f=live
Kasilof,https://twitter.com/search?q=word%20near%3AKasilof%2C%20Alaska&src=typed_query&f=live
Kassan,https://twitter.com/search?q=word%20near%3AKassan%2C%20Alaska&src=typed_query&f=live
Kenai,https://twitter.com/search?q=word%20near%3AKenai%2C%20Alaska&src=typed_query&f=live
Ketchikan,https://twitter.com/search?q=word%20near%3AKetchikan%2C%20Alaska&src=typed_query&f=live
Kiana,https://twitter.com/search?q=word%20near%3AKiana%2C%20Alaska&src=typed_query&f=live
King Cove,https://twitter.com/search?q=word%20near%3AKing Cove%2C%20Alaska&src=typed_query&f=live
King Salmon,https://twitter.com/search?q=word%20near%3AKing Salmon%2C%20Alaska&src=typed_query&f=live
Kipnuk,https://twitter.com/search?q=word%20near%3AKipnuk%2C%20Alaska&src=typed_query&f=live
Kivalina,https://twitter.com/search?q=word%20near%3AKivalina%2C%20Alaska&src=typed_query&f=live
Klawock,https://twitter.com/search?q=word%20near%3AKlawock%2C%20Alaska&src=typed_query&f=live
Knik-Fairview,https://twitter.com/search?q=word%20near%3AKnik-Fairview%2C%20Alaska&src=typed_query&f=live
Kobuk,https://twitter.com/search?q=word%20near%3AKobuk%2C%20Alaska&src=typed_query&f=live
Kodiak,https://twitter.com/search?q=word%20near%3AKodiak%2C%20Alaska&src=typed_query&f=live
Kodaik Station,https://twitter.com/search?q=word%20near%3AKodaik Station%2C%20Alaska&src=typed_query&f=live
Kotlik,https://twitter.com/search?q=word%20near%3AKotlik%2C%20Alaska&src=typed_query&f=live
Kotzebue,https://twitter.com/search?q=word%20near%3AKotzebue%2C%20Alaska&src=typed_query&f=live
Koyuk,https://twitter.com/search?q=word%20near%3AKoyuk%2C%20Alaska&src=typed_query&f=live
Koyukuk,https://twitter.com/search?q=word%20near%3AKoyukuk%2C%20Alaska&src=typed_query&f=live
Kotzebue,https://twitter.com/search?q=word%20near%3AKotzebue%2C%20Alaska&src=typed_query&f=live
Kupreanof,https://twitter.com/search?q=word%20near%3AKupreanof%2C%20Alaska&src=typed_query&f=live
Kwethluk,https://twitter.com/search?q=word%20word%20near%3AKwethluk%2C%20Alaska&src=typed_query&f=live
Kwigillingok,https://twitter.com/search?q=word%20near%3AKwigillingok%2C%20Alaska&src=typed_query&f=live
Lakes,https://twitter.com/search?q=word%20near%3ALakes%2C%20Alaska&src=typed_query&f=live
Larsen Bay,https://twitter.com/search?q=word%20near%3ALarsen Bay%2C%20Alaska&src=typed_query&f=live
Lower Kalskag,https://twitter.com/search?q=word%20near%3ALower Kalskag%2C%20Alaska&src=typed_query&f=live
Manokotak,https://twitter.com/search?q=word%20near%3AManokotak%2C%20Alaska&src=typed_query&f=live
Marshall,https://twitter.com/search?q=word%20near%3AMarshall%2C%20Alaska&src=typed_query&f=live
McGrath,https://twitter.com/search?q=word%20near%3AMcGrath%2C%20Alaska&src=typed_query&f=live
Meadow Lakes,https://twitter.com/search?q=word%20near%3AMeadow Lakes%2C%20Alaska&src=typed_query&f=live
Mekoryuk,https://twitter.com/search?q=word%20near%3AMekoryuk%2C%20Alaska&src=typed_query&f=live
Metlaktla,https://twitter.com/search?q=word%20near%3AMetlaktla%2C%20Alaska&src=typed_query&f=live
Minto,https://twitter.com/search?q=word%20near%3AMinto%2C%20Alaska&src=typed_query&f=live
Moose Pass,https://twitter.com/search?q=word%20near%3AMoose Pass%2C%20Alaska&src=typed_query&f=live
Mountain Village,https://twitter.com/search?q=word%20near%3AMountain Village%2C%20Alaska&src=typed_query&f=live
Naknek,https://twitter.com/search?q=word%20near%3ANaknek%2C%20Alaska&src=typed_query&f=live
Napakiak,https://twitter.com/search?q=word%20near%3ANapakiak%2C%20Alaska&src=typed_query&f=live
Napaskiak,https://twitter.com/search?q=word%20near%3ANapaskiak%2C%20Alaska&src=typed_query&f=live
Nenana,https://twitter.com/search?q=word%20near%3ANenana%2C%20Alaska&src=typed_query&f=live
New Stuyahok,https://twitter.com/search?q=word%20near%3ANew Stuyahok%2C%20Alaska&src=typed_query&f=live
Newhalen,https://twitter.com/search?q=word%20near%3ANewhalen%2C%20Alaska&src=typed_query&f=live
Nightmute,https://twitter.com/search?q=word%20near%3ANightmute%2C%20Alaska&src=typed_query&f=live
Nikiski,https://twitter.com/search?q=word%20near%3ANikiski%2C%20Alaska&src=typed_query&f=live
Nikolai,https://twitter.com/search?q=word%20near%3ANikolai%2C%20Alaska&src=typed_query&f=live
Ninilchik,https://twitter.com/search?q=word%20near%3ANinilchik%2C%20Alaska&src=typed_query&f=live
Noatak,https://twitter.com/search?q=word%20near%3ANoatak%2C%20Alaska&src=typed_query&f=live
Nome,https://twitter.com/search?q=word%20near%3ANome%2C%20Alaska&src=typed_query&f=live
Nondalton,https://twitter.com/search?q=word%20near%3ANondalton%2C%20Alaska&src=typed_query&f=live
Noorvik,https://twitter.com/search?q=word%20near%3ANoorvik%2C%20Alaska&src=typed_query&f=live
North Pole,https://twitter.com/search?q=word%20near%3ANorth Pole%2C%20Alaska&src=typed_query&f=live
Nuiqsut,https://twitter.com/search?q=word%20near%3ANuiqsut%2C%20Alaska&src=typed_query&f=live
Nulato,https://twitter.com/search?q=word%20near%3ANulato%2C%20Alaska&src=typed_query&f=live
Nunam Iqua,https://twitter.com/search?q=word%20near%3ANunam Iqua%2C%20Alaska&src=typed_query&f=live
Nunapitchuk,https://twitter.com/search?q=word%20near%3ANunapitchuk%2C%20Alaska&src=typed_query&f=live
Old Harbor,https://twitter.com/search?q=word%20near%3AOld Harbor%2C%20Alaska&src=typed_query&f=live
Ouzinkie,https://twitter.com/search?q=word%20near%3AOuzinkie%2C%20Alaska&src=typed_query&f=live
Palmer,https://twitter.com/search?q=word%20near%3APalmer%2C%20Alaska&src=typed_query&f=live
Pelican,https://twitter.com/search?q=word%20near%3APelican%2C%20Alaska&src=typed_query&f=live
Petersburg,https://twitter.com/search?q=word%20near%3APetersburg%2C%20Alaska&src=typed_query&f=live
Pilot Point,https://twitter.com/search?q=word%20near%3APilot Point%2C%20Alaska&src=typed_query&f=live
Pilot Station,https://twitter.com/search?q=word%20near%3APilot Station%2C%20Alaska&src=typed_query&f=live
Platinum,https://twitter.com/search?q=word%20near%3APlatinum%2C%20Alaska&src=typed_query&f=live
Point Hope,https://twitter.com/search?q=word%20near%3APoint Hope%2C%20Alaska&src=typed_query&f=live
Point Lay,https://twitter.com/search?q=word%20near%3APoint Lay%2C%20Alaska&src=typed_query&f=live
Port Alexander,https://twitter.com/search?q=word%20near%3APort Alexander%2C%20Alaska&src=typed_query&f=live
Port Heidan,https://twitter.com/search?q=word%20near%3APort Heidan%2C%20Alaska&src=typed_query&f=live
Port Lions,https://twitter.com/search?q=word%20near%3APort Lions%2C%20Alaska&src=typed_query&f=live
Quinhagak,https://twitter.com/search?q=word%20near%3AQuinhagak%2C%20Alaska&src=typed_query&f=live
Ridgeway,https://twitter.com/search?q=word%20near%3ARidgeway%2C%20Alaska&src=typed_query&f=live
Ruby,https://twitter.com/search?q=word%20near%3ARuby%2C%20Alaska&src=typed_query&f=live
Russian Mission,https://twitter.com/search?q=word%20near%3ARussian Mission%2C%20Alaska&src=typed_query&f=live
Saint Paul,https://twitter.com/search?q=word%20near%3ASaint Paul%2C%20Alaska&src=typed_query&f=live
Salcha,https://twitter.com/search?q=word%20near%3ASalcha%2C%20Alaska&src=typed_query&f=live
Sand Point,https://twitter.com/search?q=word%20near%3ASand Point%2C%20Alaska&src=typed_query&f=live
Savoonga,https://twitter.com/search?q=word%20near%3ASavoonga%2C%20Alaska&src=typed_query&f=live
Saxman,https://twitter.com/search?q=word%20near%3ASaxman%2C%20Alaska&src=typed_query&f=live
Scammon Bay,https://twitter.com/search?q=word%20near%3AScammon Bay%2C%20Alaska&src=typed_query&f=live
Selawik,https://twitter.com/search?q=word%20near%3ASelawik%2C%20Alaska&src=typed_query&f=live
Seldovia,https://twitter.com/search?q=word%20near%3ASeldovia%2C%20Alaska&src=typed_query&f=live
Seward,https://twitter.com/search?q=word%20near%3ASeward%2C%20Alaska&src=typed_query&f=live
Shageluk,https://twitter.com/search?q=word%20near%3AShageluk%2C%20Alaska&src=typed_query&f=live
Shaktoolik,https://twitter.com/search?q=word%20near%3AShaktoolik%2C%20Alaska&src=typed_query&f=live
Shishmaref,https://twitter.com/search?q=word%20near%3AShishmaref%2C%20Alaska&src=typed_query&f=live
Shungnak,https://twitter.com/search?q=word%20near%3AShungnak%2C%20Alaska&src=typed_query&f=live
Sitka,https://twitter.com/search?q=word%20near%3ASitka%2C%20Alaska&src=typed_query&f=live
Skagway,https://twitter.com/search?q=word%20near%3ASkagway%2C%20Alaska&src=typed_query&f=live
Soldotna,https://twitter.com/search?q=word%20near%3ASoldotna%2C%20Alaska&src=typed_query&f=live
Stebbins,https://twitter.com/search?q=word%20near%3AStebbins%2C%20Alaska&src=typed_query&f=live
Sterling,https://twitter.com/search?q=word%20near%3ASterling%2C%20Alaska&src=typed_query&f=live
St. George,https://twitter.com/search?q=word%20near%3ASt. George%2C%20Alaska&src=typed_query&f=live
St. Mary’s,https://twitter.com/search?q=word%20near%3ASt. Mary’s%2C%20Alaska&src=typed_query&f=live
St. Michael,https://twitter.com/search?q=word%20near%3ASt. Michael%2C%20Alaska&src=typed_query&f=live
Talkeetna,https://twitter.com/search?q=word%20near%3ATalkeetna%2C%20Alaska&src=typed_query&f=live
Tanaina,https://twitter.com/search?q=word%20near%3ATanaina%2C%20Alaska&src=typed_query&f=live
Tanana,https://twitter.com/search?q=word%20near%3ATanana%2C%20Alaska&src=typed_query&f=live
Teller,https://twitter.com/search?q=word%20near%3ATeller%2C%20Alaska&src=typed_query&f=live
Tenakee Springs,https://twitter.com/search?q=word%20near%3ATenakee Springs%2C%20Alaska&src=typed_query&f=live
Thorne Bay,https://twitter.com/search?q=word%20near%3AThorne Bay%2C%20Alaska&src=typed_query&f=live
Togiak,https://twitter.com/search?q=word%20near%3ATogiak%2C%20Alaska&src=typed_query&f=live
Tok,https://twitter.com/search?q=word%20near%3ATok%2C%20Alaska&src=typed_query&f=live
Toksook Bay,https://twitter.com/search?q=word%20near%3AToksook Bay%2C%20Alaska&src=typed_query&f=live
Trapper Creek,https://twitter.com/search?q=word%20near%3ATrapper Creek%2C%20Alaska&src=typed_query&f=live
Tuluksak,https://twitter.com/search?q=word%20near%3ATuluksak%2C%20Alaska&src=typed_query&f=live
Tuntutuliak,https://twitter.com/search?q=word%20near%3ATuntutuliak%2C%20Alaska&src=typed_query&f=live
Tununak,https://twitter.com/search?q=word%20near%3ATununak%2C%20Alaska&src=typed_query&f=live
Two Rivers,https://twitter.com/search?q=word%20near%3ATwo Rivers%2C%20Alaska&src=typed_query&f=live
Unalakleet,https://twitter.com/search?q=word%20near%3AUnalakleet%2C%20Alaska&src=typed_query&f=live
Unalaska,https://twitter.com/search?q=word%20near%3AUnalaska%2C%20Alaska&src=typed_query&f=live
Unalaska Island,https://twitter.com/search?q=word%20near%3AUnalaska Island%2C%20Alaska&src=typed_query&f=live
Upper Kalskag,https://twitter.com/search?q=word%20near%3AUpper Kalskag%2C%20Alaska&src=typed_query&f=live
Utqiagvik,https://twitter.com/search?q=word%20near%3AUtqiagvik%2C%20Alaska&src=typed_query&f=live
Valdez,https://twitter.com/search?q=word%20near%3AValdez%2C%20Alaska&src=typed_query&f=live
Venetie,https://twitter.com/search?q=word%20near%3AVenetie%2C%20Alaska&src=typed_query&f=live
Wainwright,https://twitter.com/search?q=word%20near%3AWainwright%2C%20Alaska&src=typed_query&f=live
Wales,https://twitter.com/search?q=word%20near%3AWales%2C%20Alaska&src=typed_query&f=live
Wasilla,https://twitter.com/search?q=word%20near%3AWasilla%2C%20Alaska&src=typed_query&f=live
Whale Pass,https://twitter.com/search?q=word%20near%3AWhale Pass%2C%20Alaska&src=typed_query&f=live
White Mountain,https://twitter.com/search?q=word%20near%3AWhite Mountain%2C%20Alaska&src=typed_query&f=live
Willow,https://twitter.com/search?q=word%20near%3AWillow%2C%20Alaska&src=typed_query&f=live
Whittier,https://twitter.com/search?q=word%20near%3AWhittier%2C%20Alaska&src=typed_query&f=live
Wrangell,https://twitter.com/search?q=word%20near%3AWrangell%2C%20Alaska&src=typed_query&f=live
Yakutat,https://twitter.com/search?q=word%20near%3AYakutat%2C%20Alaska&src=typed_query&f=live
